img,cls
database/xiaolizi/20211116-104549WCP.png,xiaolizi
database/xiaolizi/20211116-104656WCP.png,xiaolizi
database/xiaolizi/20211116-102951WCP.png,xiaolizi
database/xiaolizi/20211116-104605WCP.png,xiaolizi
database/xiaolizi/20211116-104034WCP.png,xiaolizi
database/xiaolizi/20211116-104704WCP.png,xiaolizi
database/xiaolizi/20211116-103405WCP.png,xiaolizi
database/xiaolizi/20211116-104132WCP.png,xiaolizi
database/xiaolizi/20211116-104721WCP.png,xiaolizi
database/xiaolizi/20211116-104758WCP.png,xiaolizi
database/xiaolizi/20211116-103027WCP.png,xiaolizi
database/xiaolizi/20211116-103153WCP.png,xiaolizi
database/xiaolizi/20211116-104017WCP.png,xiaolizi
database/xiaolizi/20211116-103910WCP.png,xiaolizi
database/xiaolizi/20211116-103008WCP.png,xiaolizi
database/xiaolizi/20211116-104025WCP.png,xiaolizi
database/xiaolizi/20211116-103137WCP.png,xiaolizi
database/xiaolizi/20211116-103055WCP.png,xiaolizi
database/xiaolizi/20211116-103017WCP.png,xiaolizi
database/xiaolizi/20211116-103102WCP.png,xiaolizi
database/xiaolizi/20211116-103112WCP.png,xiaolizi
database/xiaolizi/20211116-104000WCP.png,xiaolizi
database/xiaolizi/20211116-103809WCP.png,xiaolizi
database/xiaolizi/20211116-104641WCP.png,xiaolizi
database/xiaolizi/20211116-104733WCP.png,xiaolizi
database/xiaolizi/20211116-104511WCP.png,xiaolizi
database/xiaolizi/20211116-103939WCP.png,xiaolizi
database/xiaolizi/20211116-103922WCP.png,xiaolizi
database/xiaolizi/20211116-104749WCP.png,xiaolizi
database/xiaolizi/20211116-104711WCP.png,xiaolizi
database/xiaolizi/20211116-104051WCP.png,xiaolizi
database/xiaolizi/20211116-104409WCP.png,xiaolizi
database/xiaolizi/20211116-104740WCP.png,xiaolizi
database/xiaolizi/20211116-104649WCP.png,xiaolizi
database/xiaolizi/20211116-103127WCP.png,xiaolizi
database/xiaolizi/20211116-104123WCP.png,xiaolizi
database/xiaolizi/20211116-104417WCP.png,xiaolizi
database/xiaolizi/20211116-103901WCP.png,xiaolizi
database/xiaolizi/20211116-104107WCP.png,xiaolizi
database/xiaolizi/20211116-103000WCP.png,xiaolizi
database/xiaolizi/20211116-104042WCP.png,xiaolizi
database/xiaolizi/20211116-104556WCP.png,xiaolizi
database/xiaolizi/20211116-104541WCP.png,xiaolizi
database/xiaolizi/20211116-103329WCP.png,xiaolizi
database/xiaolizi/20211116-103337WCP.png,xiaolizi
database/xiaolizi/20211116-103041WCP.png,xiaolizi
database/bailuobo/20211119-145326WCP.png,bailuobo
database/bailuobo/20211115-114941WCP.png,bailuobo
database/bailuobo/20211115-114902WCP.png,bailuobo
database/bailuobo/20211115-115531WCP.png,bailuobo
database/bailuobo/20211115-115925WCP.png,bailuobo
database/bailuobo/20211115-120101WCP.png,bailuobo
database/bailuobo/20211115-114834WCP.png,bailuobo
database/bailuobo/20211115-115947WCP.png,bailuobo
database/bailuobo/20211115-120026WCP.png,bailuobo
database/bailuobo/20211115-115819WCP.png,bailuobo
database/bailuobo/20211115-115558WCP.png,bailuobo
database/bailuobo/20211115-120114WCP.png,bailuobo
database/bailuobo/20211115-115905WCP.png,bailuobo
database/bailuobo/20211119-145254WCP.png,bailuobo
database/bailuobo/20211115-115129WCP.png,bailuobo
database/bailuobo/20211115-120123WCP.png,bailuobo
database/bailuobo/20211115-115854WCP.png,bailuobo
database/bailuobo/20211115-115200WCP.png,bailuobo
database/bailuobo/20211115-114845WCP.png,bailuobo
database/bailuobo/20211115-115934WCP.png,bailuobo
database/bailuobo/20211115-152708WCP.png,bailuobo
database/bailuobo/20211115-115017WCP.png,bailuobo
database/bailuobo/20211115-114749WCP.png,bailuobo
database/bailuobo/20211115-120051WCP.png,bailuobo
database/bailuobo/20211115-115609WCP.png,bailuobo
database/bailuobo/20211115-115046WCP.png,bailuobo
database/bailuobo/20211115-114824WCP.png,bailuobo
database/bailuobo/20211115-115915WCP.png,bailuobo
database/bailuobo/20211115-115846WCP.png,bailuobo
database/bailuobo/20211115-115836WCP.png,bailuobo
database/bailuobo/20211115-114804WCP.png,bailuobo
database/bailuobo/20211115-114658WCP.png,bailuobo
database/bailuobo/20211115-114919WCP.png,bailuobo
database/bailuobo/20211115-114958WCP.png,bailuobo
database/bailuobo/20211115-114814WCP.png,bailuobo
database/bailuobo/20211115-115750WCP.png,bailuobo
database/bailuobo/20211115-114927WCP.png,bailuobo
database/bailuobo/20211115-115624WCP.png,bailuobo
database/bailuobo/20211115-114910WCP.png,bailuobo
database/bailuobo/20211115-120039WCP.png,bailuobo
database/bailuobo/20211115-114950WCP.png,bailuobo
database/bailuobo/20211115-115545WCP.png,bailuobo
database/bailuobo/20211115-114853WCP.png,bailuobo
database/bailuobo/20211115-115026WCP.png,bailuobo
database/bailuobo/20211115-115143WCP.png,bailuobo
database/bailuobo/20211119-145334WCP.png,bailuobo
database/bailuobo/20211115-115739WCP.png,bailuobo
database/bailuobo/20211115-115008WCP.png,bailuobo
database/bailuobo/20211115-115038WCP.png,bailuobo
database/yumi/20211115-154704WCP.png,yumi
database/yumi/20211115-155020WCP.png,yumi
database/yumi/20211115-155109WCP.png,yumi
database/yumi/20211115-155438WCP.png,yumi
database/yumi/20211115-155551WCP.png,yumi
database/yumi/20211115-154723WCP.png,yumi
database/yumi/20211115-155559WCP.png,yumi
database/yumi/20211115-155457WCP.png,yumi
database/yumi/20211115-154714WCP.png,yumi
database/yumi/20211115-155029WCP.png,yumi
database/yumi/20211115-154652WCP.png,yumi
database/yumi/20211115-154751WCP.png,yumi
database/yumi/20211115-155608WCP.png,yumi
database/yumi/20211115-155800WCP.png,yumi
database/yumi/20211115-154904WCP.png,yumi
database/yumi/20211115-154634WCP.png,yumi
database/yumi/20211115-155448WCP.png,yumi
database/yumi/20211115-154531WCP.png,yumi
database/yumi/20211115-155430WCP.png,yumi
database/yumi/20211115-154447WCP.png,yumi
database/yumi/20211115-155739WCP.png,yumi
database/yumi/20211119-150033WCP.png,yumi
database/yumi/20211115-154741WCP.png,yumi
database/yumi/20211115-154624WCP.png,yumi
database/yumi/20211115-154557WCP.png,yumi
database/yumi/20211115-154916WCP.png,yumi
database/yumi/20211115-154732WCP.png,yumi
database/yumi/20211115-155100WCP.png,yumi
database/yumi/20211115-155747WCP.png,yumi
database/yumi/20211115-155722WCP.png,yumi
database/yumi/20211115-154938WCP.png,yumi
database/yumi/20211115-154643WCP.png,yumi
database/yumi/20211115-154519WCP.png,yumi
database/yumi/20211115-154759WCP.png,yumi
database/yumi/20211115-155037WCP.png,yumi
database/yumi/20211115-155712WCP.png,yumi
database/yumi/20211115-154958WCP.png,yumi
database/yumi/20211115-155010WCP.png,yumi
database/yumi/20211115-154546WCP.png,yumi
database/yumi/20211115-155539WCP.png,yumi
database/yumi/20211115-154948WCP.png,yumi
database/yumi/20211119-150003WCP.png,yumi
database/yumi/20211115-155520WCP.png,yumi
database/yumi/20211115-154612WCP.png,yumi
database/yumi/20211115-155702WCP.png,yumi
database/yumi/20211115-155529WCP.png,yumi
database/yumi/20211119-145932WCP.png,yumi
database/yumi/20211115-155635WCP.png,yumi
database/yumi/20211115-154809WCP.png,yumi
database/jinzhengu/20211115-165728WCP.png,jinzhengu
database/jinzhengu/20211115-164600WCP.png,jinzhengu
database/jinzhengu/20211115-164502WCP.png,jinzhengu
database/jinzhengu/20211115-164422WCP.png,jinzhengu
database/jinzhengu/20211115-165019WCP.png,jinzhengu
database/jinzhengu/20211115-165157WCP.png,jinzhengu
database/jinzhengu/20211115-164550WCP.png,jinzhengu
database/jinzhengu/20211115-164513WCP.png,jinzhengu
database/jinzhengu/20211115-165544WCP.png,jinzhengu
database/jinzhengu/20211115-164528WCP.png,jinzhengu
database/jinzhengu/20211115-165115WCP.png,jinzhengu
database/jinzhengu/20211115-165604WCP.png,jinzhengu
database/jinzhengu/20211115-165635WCP.png,jinzhengu
database/jinzhengu/20211115-165644WCP.png,jinzhengu
database/jinzhengu/20211115-165051WCP.png,jinzhengu
database/jinzhengu/20211115-164408WCP.png,jinzhengu
database/jinzhengu/20211115-165820WCP.png,jinzhengu
database/jinzhengu/20211115-165208WCP.png,jinzhengu
database/jinzhengu/20211115-164952WCP.png,jinzhengu
database/jinzhengu/20211115-164732WCP.png,jinzhengu
database/jinzhengu/20211115-164713WCP.png,jinzhengu
database/jinzhengu/20211115-165553WCP.png,jinzhengu
database/jinzhengu/20211115-164721WCP.png,jinzhengu
database/jinzhengu/20211115-165623WCP.png,jinzhengu
database/jinzhengu/20211115-165534WCP.png,jinzhengu
database/jinzhengu/20211115-164609WCP.png,jinzhengu
database/jinzhengu/20211115-164827WCP.png,jinzhengu
database/jinzhengu/20211115-164817WCP.png,jinzhengu
database/jinzhengu/20211115-164433WCP.png,jinzhengu
database/jinzhengu/20211115-165029WCP.png,jinzhengu
database/jinzhengu/20211115-165655WCP.png,jinzhengu
database/jinzhengu/20211115-165806WCP.png,jinzhengu
database/jinzhengu/20211115-165102WCP.png,jinzhengu
database/jinzhengu/20211115-164745WCP.png,jinzhengu
database/jinzhengu/20211115-164755WCP.png,jinzhengu
database/jinzhengu/20211115-164935WCP.png,jinzhengu
database/jinzhengu/20211115-164539WCP.png,jinzhengu
database/jinzhengu/20211115-165615WCP.png,jinzhengu
database/jinzhengu/20211115-164805WCP.png,jinzhengu
database/jinzhengu/20211115-165718WCP.png,jinzhengu
database/jinzhengu/20211115-165754WCP.png,jinzhengu
database/jinzhengu/20211115-165007WCP.png,jinzhengu
database/jinzhengu/20211115-164442WCP.png,jinzhengu
database/jinzhengu/20211115-165740WCP.png,jinzhengu
database/jinzhengu/20211115-164452WCP.png,jinzhengu
database/jinzhengu/20211115-165040WCP.png,jinzhengu
database/qingcai/20211115-171843WCP.png,qingcai
database/qingcai/20211115-171659WCP.png,qingcai
database/qingcai/20211115-172757WCP.png,qingcai
database/qingcai/20211115-172725WCP.png,qingcai
database/qingcai/20211115-171853WCP.png,qingcai
database/qingcai/20211115-171333WCP.png,qingcai
database/qingcai/20211115-171903WCP.png,qingcai
database/qingcai/20211119-150527WCP.png,qingcai
database/qingcai/20211115-172045WCP.png,qingcai
database/qingcai/20211115-171631WCP.png,qingcai
database/qingcai/20211115-171833WCP.png,qingcai
database/qingcai/20211115-171931WCP.png,qingcai
database/qingcai/20211115-172035WCP.png,qingcai
database/qingcai/20211115-172956WCP.png,qingcai
database/qingcai/20211115-172736WCP.png,qingcai
database/qingcai/20211115-172941WCP.png,qingcai
database/qingcai/20211115-171757WCP.png,qingcai
database/qingcai/20211119-150515WCP.png,qingcai
database/qingcai/20211115-172136WCP.png,qingcai
database/qingcai/20211115-171742WCP.png,qingcai
database/qingcai/20211115-172908WCP.png,qingcai
database/qingcai/20211115-173010WCP.png,qingcai
database/qingcai/20211115-172847WCP.png,qingcai
database/qingcai/20211115-172128WCP.png,qingcai
database/qingcai/20211115-171621WCP.png,qingcai
database/qingcai/20211115-172648WCP.png,qingcai
database/qingcai/20211115-171319WCP.png,qingcai
database/qingcai/20211115-172117WCP.png,qingcai
database/qingcai/20211115-171731WCP.png,qingcai
database/qingcai/20211115-172055WCP.png,qingcai
database/qingcai/20211115-171817WCP.png,qingcai
database/qingcai/20211115-171429WCP.png,qingcai
database/qingcai/20211115-171954WCP.png,qingcai
database/qingcai/20211115-171347WCP.png,qingcai
database/qingcai/20211115-171918WCP.png,qingcai
database/qingcai/20211115-171610WCP.png,qingcai
database/qingcai/20211115-172747WCP.png,qingcai
database/qingcai/20211115-171709WCP.png,qingcai
database/qingcai/20211115-172930WCP.png,qingcai
database/qingcai/20211115-171400WCP.png,qingcai
database/qingcai/20211115-172106WCP.png,qingcai
database/qingcai/20211115-172917WCP.png,qingcai
database/qingcai/20211115-172714WCP.png,qingcai
database/qingcai/20211115-171559WCP.png,qingcai
database/qingcai/20211115-171647WCP.png,qingcai
database/qingcai/20211115-172703WCP.png,qingcai
database/qingcai/20211115-171719WCP.png,qingcai
database/qingcai/20211119-150438WCP.png,qingcai
database/qingcai/20211115-172020WCP.png,qingcai
database/chengzi/20211116-100951WCP.png,chengzi
database/chengzi/20211116-101326WCP.png,chengzi
database/chengzi/20211116-100854WCP.png,chengzi
database/chengzi/20211116-101014WCP.png,chengzi
database/chengzi/20211116-101159WCP.png,chengzi
database/chengzi/20211116-101352WCP.png,chengzi
database/chengzi/20211116-100924WCP.png,chengzi
database/chengzi/20211116-100348WCP.png,chengzi
database/chengzi/20211116-100407WCP.png,chengzi
database/chengzi/20211116-101408WCP.png,chengzi
database/chengzi/20211116-101024WCP.png,chengzi
database/chengzi/20211116-101550WCP.png,chengzi
database/chengzi/20211116-100416WCP.png,chengzi
database/chengzi/20211116-100505WCP.png,chengzi
database/chengzi/20211116-100902WCP.png,chengzi
database/chengzi/20211116-101703WCP.png,chengzi
database/chengzi/20211116-101426WCP.png,chengzi
database/chengzi/20211116-101042WCP.png,chengzi
database/chengzi/20211116-101034WCP.png,chengzi
database/chengzi/20211116-100942WCP.png,chengzi
database/chengzi/20211116-100845WCP.png,chengzi
database/chengzi/20211116-101537WCP.png,chengzi
database/chengzi/20211116-100449WCP.png,chengzi
database/chengzi/20211116-100959WCP.png,chengzi
database/chengzi/20211116-101106WCP.png,chengzi
database/chengzi/20211116-100457WCP.png,chengzi
database/chengzi/20211116-101524WCP.png,chengzi
database/chengzi/20211116-101651WCP.png,chengzi
database/chengzi/20211116-101343WCP.png,chengzi
database/chengzi/20211116-101335WCP.png,chengzi
database/chengzi/20211116-100836WCP.png,chengzi
database/chengzi/20211116-100933WCP.png,chengzi
database/chengzi/20211116-101718WCP.png,chengzi
database/chengzi/20211116-101417WCP.png,chengzi
database/chengzi/20211116-100912WCP.png,chengzi
database/chengzi/20211116-100357WCP.png,chengzi
database/chengzi/20211116-101631WCP.png,chengzi
database/chengzi/20211116-101215WCP.png,chengzi
database/chengzi/20211116-100435WCP.png,chengzi
database/chengzi/20211116-101142WCP.png,chengzi
database/chengzi/20211116-100426WCP.png,chengzi
database/chengzi/20211116-100519WCP.png,chengzi
database/chengzi/20211116-101400WCP.png,chengzi
database/chengzi/20211116-100527WCP.png,chengzi
database/chengzi/20211116-101006WCP.png,chengzi
database/chengzi/20211116-101640WCP.png,chengzi
database/youzi/20211116-091715WCP.png,youzi
database/youzi/20211116-093953WCP.png,youzi
database/youzi/20211116-093936WCP.png,youzi
database/youzi/20211116-092724WCP.png,youzi
database/youzi/20211116-093901WCP.png,youzi
database/youzi/20211116-091725WCP.png,youzi
database/youzi/20211116-093606WCP.png,youzi
database/youzi/20211119-150845WCP.png,youzi
database/youzi/20211116-093641WCP.png,youzi
database/youzi/20211116-091745WCP.png,youzi
database/youzi/20211116-091927WCP.png,youzi
database/youzi/20211116-093633WCP.png,youzi
database/youzi/20211116-093619WCP.png,youzi
database/youzi/20211116-091835WCP.png,youzi
database/youzi/20211116-091754WCP.png,youzi
database/youzi/20211116-092028WCP.png,youzi
database/youzi/20211116-091938WCP.png,youzi
database/youzi/20211116-091733WCP.png,youzi
database/youzi/20211119-150839WCP.png,youzi
database/youzi/20211116-093528WCP.png,youzi
database/youzi/20211116-091803WCP.png,youzi
database/youzi/20211116-093924WCP.png,youzi
database/youzi/20211116-091814WCP.png,youzi
database/youzi/20211116-092131WCP.png,youzi
database/youzi/20211116-093814WCP.png,youzi
database/youzi/20211116-092002WCP.png,youzi
database/youzi/20211116-092039WCP.png,youzi
database/youzi/20211116-093915WCP.png,youzi
database/youzi/20211116-093839WCP.png,youzi
database/youzi/20211116-093944WCP.png,youzi
database/youzi/20211116-091954WCP.png,youzi
database/youzi/20211116-091946WCP.png,youzi
database/youzi/20211116-092011WCP.png,youzi
database/youzi/20211119-150826WCP.png,youzi
database/youzi/20211116-092218WCP.png,youzi
database/youzi/20211116-093758WCP.png,youzi
database/youzi/20211116-093732WCP.png,youzi
database/youzi/20211116-091849WCP.png,youzi
database/youzi/20211116-093747WCP.png,youzi
database/youzi/20211116-093501WCP.png,youzi
database/youzi/20211116-092714WCP.png,youzi
database/youzi/20211116-093723WCP.png,youzi
database/youzi/20211116-091919WCP.png,youzi
database/youzi/20211116-092203WCP.png,youzi
database/youzi/20211116-091827WCP.png,youzi
database/youzi/20211116-093849WCP.png,youzi
database/youzi/20211116-092258WCP.png,youzi
database/youzi/20211116-093829WCP.png,youzi
database/youzi/20211116-091902WCP.png,youzi
database/pingguo/20211116-085951WCP.png,pingguo
database/pingguo/20211116-090253WCP.png,pingguo
database/pingguo/20211116-085616WCP.png,pingguo
database/pingguo/20211116-090215WCP.png,pingguo
database/pingguo/20211116-085815WCP.png,pingguo
database/pingguo/20211116-090321WCP.png,pingguo
database/pingguo/20211119-143353WCP.png,pingguo
database/pingguo/20211116-090108WCP.png,pingguo
database/pingguo/20211116-085932WCP.png,pingguo
database/pingguo/20211116-090158WCP.png,pingguo
database/pingguo/20211116-090223WCP.png,pingguo
database/pingguo/20211116-091008WCP.png,pingguo
database/pingguo/20211116-085841WCP.png,pingguo
database/pingguo/20211116-085625WCP.png,pingguo
database/pingguo/20211116-085941WCP.png,pingguo
database/pingguo/20211116-091030WCP.png,pingguo
database/pingguo/20211116-090302WCP.png,pingguo
database/pingguo/20211116-085852WCP.png,pingguo
database/pingguo/20211116-090135WCP.png,pingguo
database/pingguo/20211116-085833WCP.png,pingguo
database/pingguo/20211116-085901WCP.png,pingguo
database/pingguo/20211116-090738WCP.png,pingguo
database/pingguo/20211116-085911WCP.png,pingguo
database/pingguo/20211116-090031WCP.png,pingguo
database/pingguo/20211116-085807WCP.png,pingguo
database/pingguo/20211116-090008WCP.png,pingguo
database/pingguo/20211119-143434WCP.png,pingguo
database/pingguo/20211116-090117WCP.png,pingguo
database/pingguo/20211116-090234WCP.png,pingguo
database/pingguo/20211116-085923WCP.png,pingguo
database/pingguo/20211116-090207WCP.png,pingguo
database/pingguo/20211116-085633WCP.png,pingguo
database/pingguo/20211116-090049WCP.png,pingguo
database/pingguo/20211116-085606WCP.png,pingguo
database/pingguo/20211116-090148WCP.png,pingguo
database/pingguo/20211116-090433WCP.png,pingguo
database/pingguo/20211116-090244WCP.png,pingguo
database/pingguo/20211116-085758WCP.png,pingguo
database/pingguo/20211116-090420WCP.png,pingguo
database/pingguo/20211116-090019WCP.png,pingguo
database/pingguo/20211116-090310WCP.png,pingguo
database/pingguo/20211119-143509WCP.png,pingguo
database/pingguo/20211116-085959WCP.png,pingguo
database/pingguo/20211116-090126WCP.png,pingguo
database/pingguo/20211116-091040WCP.png,pingguo
database/pingguo/20211116-085824WCP.png,pingguo
database/pingguo/20211116-090100WCP.png,pingguo
database/pingguo/20211116-085749WCP.png,pingguo
database/pingguo/20211116-090040WCP.png,pingguo